file,SDMatte_MSE,SDMatte_SAD,SDMatte_MAD,MAM_MSE,MAM_SAD,MAM_MAD,ZIM_MSE,ZIM_SAD,ZIM_MAD,avg_MSE,avg_SAD,avg_MAD,mse_std
1.png,0.008993551568863988,20.49616470588235,0.01954666586483226,0.016563519452544924,54.33370196078431,0.0518166560752719,0.005686493447907658,13.954337254901954,0.013307893042470889,0.01041452148977219,29.594734640522873,0.02822373832752502,0.004552785983218278
10.png,0.0607509166302474,112.46352941176468,0.10725357953239888,0.24986395274524922,296.3948588235295,0.2826641643748565,0.0556898029214462,111.38947450980392,0.10622928095798866,0.12210155743231428,173.41595424836603,0.165382341621748,0.09036528079621195
100.png,0.016199197369509127,40.304192156862776,0.03843707290350225,0.03644813113742405,109.71663921568627,0.10463394090241077,0.04673581518974729,66.40071764705881,0.06332465901094324,0.03312771456556016,72.1405163398693,0.06879855760561876,0.01268569093198719
101.png,0.02277775228779758,47.01785098039214,0.044839716892616406,0.3424642950349108,381.8311411764704,0.3641425525440887,0.10448574734944101,124.5090392156863,0.1187410728604186,0.15657593155738314,184.45267712418294,0.1759077807657079,0.13560951754089995
102.png,0.017218638914724995,30.526184313725498,0.029112037957883356,0.07442671767384766,122.24776470588235,0.11658455343807445,0.7557892496298939,890.731560784314,0.8494678123324527,0.2824782020728222,347.8351699346406,0.33172146790947016,0.33549535702053757
103.png,0.5932020694244283,628.6653686274511,0.5995420156740676,0.3205952383215178,360.48777254901944,0.34378793005849784,0.38334589644699346,414.61355686274516,0.39540630041384234,0.4323810680643132,467.92223267973856,0.44624541538213597,0.11656745438485447
104.png,0.011110943343629286,24.67489019607843,0.023531809040144375,0.08118511329014363,112.15478823529413,0.10695914100198187,0.9681432710946036,1025.0822352941173,0.9775946000043081,0.35347977590945884,387.3039712418299,0.3693618500154781,0.43557319060316924
105.png,0.033577552026897516,53.73054509803923,0.05124144086650775,0.11169229244186711,216.56406666666663,0.20653158823649084,0.046326623687098806,70.52694509803919,0.06725973615459366,0.06386548938528781,113.60718562091502,0.1083442550858641,0.034216828462116454
106.png,0.006199591686889697,18.500129411764693,0.017643098270191854,0.42892632532468095,593.4163490196078,0.5659259309955671,0.15295767475026967,171.1047803921566,0.1631782344743315,0.19602786392061344,261.0070862745097,0.24891575458003015,0.1752441225441354
107.png,0.02186445864655797,40.35422745098038,0.038484790278416045,0.01211681320501355,40.77040784313726,0.038881690829407935,0.9484123146676047,1010.1453098039215,0.9633496377982345,0.3274645288397254,363.756648366013,0.3469053729686862,0.43909442317214864
108.png,0.05662151458399976,96.08625098039214,0.09163498971976484,0.07648124938284326,153.5645882352942,0.14645060370950144,0.8306879937195036,909.9240627450978,0.8677712085200289,0.3212635858954489,386.5249673202614,0.36861893398309836,0.36030868500193625
109.png,0.007720699757624021,21.847600000000003,0.02083549499511719,0.024706810507944856,49.84903921568627,0.04753974839752795,0.9718338518388359,1029.1683686274514,0.9814914404177203,0.33475378736813494,366.9550026143792,0.3499555612701218,0.4505370043249129
11.png,0.40245060654889153,463.05475294117645,0.44160342496984145,0.15626370348961516,226.0186352941177,0.21554816750919123,0.05682902785275176,96.01936862745099,0.09157120573754404,0.2051811126304195,261.69758562091505,0.24957426607219224,0.14527732927723588
110.png,0.027098465508472364,45.451062745098056,0.04334551119336896,0.030519140317594937,52.10538823529411,0.04969157050637637,0.052817843113436874,67.5880274509804,0.06445696587656059,0.03681181631316806,55.04815947712419,0.05249801585876864,0.011403798328791863
111.png,0.013325964323789598,33.74159999999999,0.03217849731445312,0.16199109971729525,246.4471647058824,0.23503033133114087,0.42081748430016674,475.4520588235294,0.45342641718247356,0.1987115161137505,251.88027450980394,0.24021174860935587,0.16837186314506616
112.png,0.03206189757995723,63.38814117647058,0.06045164220473345,0.18470205331206188,224.2890509803921,0.21389870737113198,0.47452915304580673,511.6155215686275,0.4879145827947879,0.23043103464594195,266.4309045751634,0.2540883107902178,0.18350780699150304
113.png,0.03952340152070232,79.68542745098038,0.07599394555185354,0.25112395355858197,280.7274470588236,0.26772255617029533,0.8526872751191227,944.4871215686276,0.9007331100164676,0.381111543399469,434.9666653594772,0.41481653724620554,0.3444623360793639
114.png,0.06327666736208261,135.1304509803921,0.12887044046439372,0.0349481325101871,87.33614509803922,0.08329023847392962,0.856919326958222,940.0380784313728,0.8964901718438842,0.31838137561016394,387.5015581699347,0.3695502835940692,0.38097941348873987
115.png,0.019856800180542984,59.451345098039205,0.056697220895804604,0.015421840369999296,53.42659607843136,0.05095157249301086,0.027714935751522285,64.20876470588233,0.06123424978817208,0.020997858767354854,59.02890196078429,0.05629434772566252,0.005083080400617214
116.png,0.04891246648991582,77.56187058823535,0.07396876391242538,0.06904686921562243,115.27207058823531,0.1099320131189683,0.5592586619704562,633.9699529411764,0.6046008614932789,0.22573933255866482,275.6012980392157,0.2628338795082242,0.23597698455816754
117.png,0.0647664540990047,123.51810588235291,0.11779604519114772,0.17926741557871093,229.33379215686273,0.2187097474640491,0.9397255411408394,998.8015764705877,0.9525314106660726,0.39458647027285165,450.55115816993447,0.4296790677737565,0.38829548240573525
118.png,0.019149250425040273,43.106160784313715,0.041109238418878286,0.21827083061127336,254.2914196078431,0.24251119576248464,0.9063379418836197,985.1695725490192,0.9395309186449234,0.38125267430664445,427.52238431372535,0.40771711760876217,0.38008617846812354
119.png,0.0167807482609791,34.51612549019609,0.03291714238185509,0.013457347425485013,37.67410980392158,0.035928830913468913,0.7453042131605083,813.3589137254899,0.7756795060400866,0.2585141029489908,295.1830496732025,0.28150849311180354,0.3442152619104159
12.png,0.2673095492810663,488.5530588235294,0.46592050440171184,0.01293270568671661,32.20590980392156,0.030713949016496236,0.05490734739791243,72.51916470588233,0.06915966482723458,0.11171653412189846,197.75937777777776,0.18859803941514755,0.11134737659366323
120.png,0.014012875995100666,36.37747450980391,0.03469226313572303,0.07145017067316359,96.69425882352941,0.09221483118393842,0.8815416116358824,965.0156823529405,0.9203106711892515,0.3223348861013822,366.02913856209125,0.349072588502971,0.39611352086428203
121.png,0.03219449236502056,55.50612156862745,0.052934762543322994,0.03958670214660717,74.767968627451,0.07130429136986828,0.9195877816282019,985.3728039215681,0.9397247351852113,0.33045632537994324,371.8822980392155,0.3546545963661342,0.4165897788370546
122.png,0.01301921775550945,21.67654117647059,0.02067236058852252,0.0411708177818055,68.72614509803924,0.06554235944560932,0.47382337007738934,534.3121803921568,0.5095598033830231,0.1760044685382348,208.2382888888889,0.19859150780571833,0.21090314006118485
123.png,0.07142405190590664,80.33904705882352,0.07661728578455307,0.0786255131259142,100.36891764705881,0.09571925892549402,0.30491743631153917,332.5550901960784,0.3171492483101639,0.15165566711445333,171.08768496732023,0.163161931006737,0.10841230767765384
124.png,0.017670559426629973,29.279156862745097,0.027922779906029795,0.015800819543635367,36.964921568627446,0.03525249630797143,0.7304714876062729,817.6269098039214,0.7797497842826094,0.2546476221921794,294.623662745098,0.2809750201655369,0.33645914774804836
125.png,0.0314491608856917,73.47943921568626,0.07007545396393419,0.058008726238058646,118.0590980392157,0.11258992961808748,0.16115725001386844,175.16845882352942,0.16705366022446577,0.08353837904587293,122.23566535947712,0.11657301460216248,0.055945625242649163
126.png,0.015208412692529427,33.5458862745098,0.03199185016108493,0.07742888527253829,109.04429019607844,0.10399273891074985,0.01702780279550402,27.288082352941178,0.026023943283978633,0.036555033586857244,56.62608627450981,0.054002844118604475,0.028911720331657755
127.png,0.012229488831857038,24.18529411764706,0.02306489383473116,0.08036786583559825,140.5571568627451,0.13404575048708448,0.009781000385922401,18.0668862745098,0.017229925417432592,0.034126118351125896,60.93644575163398,0.058113523246416075,0.032713128676733115
128.png,0.003618027284850254,7.4952627450980405,0.007148039574716607,0.007671079800615667,30.59036862745098,0.02917324888939951,0.014229934586785658,27.1686431372549,0.025910037171606923,0.00850634722408386,21.751424836601306,0.02074377521190768,0.004372367619322349
129.png,0.010793808655113679,19.50060784313727,0.018597228854310293,0.03680932845394688,90.7222274509804,0.08651945824716606,0.010434484192152661,21.03890196078431,0.02006426044538909,0.019345873767071076,43.753912418300665,0.04172698251562182,0.012349398520247697
13.png,0.03744682951461167,66.45814901960783,0.0633794298358992,0.049304913920835594,110.80230980392156,0.10566931705848842,0.9229924272583431,978.4455058823528,0.9331183489631203,0.3365813902312635,385.2353215686274,0.3673890319525026,0.4146834791354546
130.png,0.004180019808383872,9.53498039215686,0.009093265907437191,0.004486319436700652,18.283850980392163,0.01743683908499924,0.006128218378391875,13.180941176470588,0.01257032506606158,0.0049315192078254666,13.666590849673204,0.013033476686166003,0.0008553835569312349
131.png,0.007329284802898451,13.756243137254895,0.01311897577023973,0.008157076646804073,34.244803921568646,0.032658389970368046,0.00839049907245805,14.951823529411765,0.01425917008343865,0.007958953507386858,20.984290196078437,0.020012178608015477,0.00045532663386381423
132.png,0.006424831447579319,12.254419607843138,0.01168672524246515,0.03504287423467873,83.26566274509804,0.07940832399854474,0.005214806043015495,12.14333725490196,0.011580788855459176,0.015560837241757849,35.88780653594771,0.034225279365489684,0.013784734658674082
133.png,0.011343082118520179,21.01033333333334,0.02003701527913412,0.013979910733561383,38.69287058823528,0.03690039690803078,0.008547005732212554,18.687619607843143,0.017821902854769842,0.011289999528098038,26.13027450980392,0.024919771680644912,0.0022182917616151883
134.png,0.0028546361985549427,6.616149019607844,0.006309651393516392,0.0039036783572574275,15.93447843137255,0.015196302825329352,0.003332287613495823,8.760231372549018,0.00835440766577627,0.003363534056436064,10.43695294117647,0.009953453961540673,0.0004288392222664228
135.png,0.03208437912650222,65.57631372549018,0.06253844616459864,0.09498859506714855,163.93675294117656,0.15634227079503685,0.36202284541967905,387.63981568627486,0.3696821362364529,0.16303193987110995,205.71762745098053,0.19618761773202945,0.14303209538201914
136.png,0.025209423550639133,41.58023137254901,0.03965399873022939,0.06308455425058591,102.50681960784317,0.09775812111648861,0.028585580065359474,47.678870588235306,0.04547011431525736,0.03895985262219484,63.921973856209156,0.060960744720658454,0.01711433180499399
137.png,0.08595368172287349,147.53938431372544,0.1407045214783911,0.0865742634205303,168.9083490196078,0.16108355428658278,0.44791984417309283,488.7617333333333,0.4661195119222005,0.20681592977216554,268.40315555555554,0.2559691958957248,0.17048640109013216
138.png,0.10025627153829998,137.99578823529407,0.13160303901223572,0.06921128693565586,125.27945490196082,0.11947579851337511,0.13531488375313602,231.725462745098,0.2209906222773533,0.10159414740903061,165.00023529411763,0.15735648660098803,0.02700325674106867
139.png,0.005508720092890767,19.15860784313726,0.01827107223809935,0.1632673825561336,266.09710980392174,0.2537699792899339,0.006204927775182438,15.948592156862734,0.015209762722838149,0.05832701014140227,100.40143660130724,0.09575027141695713,0.07420459329085184
14.png,0.17204093044329402,202.6444,0.19325675964355468,0.3867556085260225,433.5069843137253,0.41342447692272694,0.19738653616371726,218.40195686274504,0.2082843369128657,0.2520610250443446,284.8511137254901,0.27165519115971576,0.09580387273595574
140.png,0.7456383698905992,856.3374274509806,0.8166670107374007,0.011329891332430534,25.653564705882346,0.024465145784265847,0.016897209516537722,21.07310588235294,0.020096879846909468,0.25795515691318915,301.02136601307194,0.287076345456192,0.34485159699298495
141.png,0.04218725966380586,62.48627843137256,0.059591558867809834,0.04857610588851041,102.62557647058826,0.0978713764863856,0.05993005722497623,65.87889411764705,0.06282700931324678,0.05023114092576417,76.99691633986929,0.07342998155581407,0.007337396089216365
142.png,0.09075876887877689,296.58023921568633,0.28284095689362176,0.0018654123502069135,9.83435686274509,0.009378773558373537,0.0013367336028266622,2.0981647058823527,0.0020009657915900734,0.03132030494393682,102.8375869281046,0.09807356541452845,0.04202989508674705
143.png,0.01999866154137962,39.903266666666646,0.03805472056070962,0.01797516885513253,48.51307843137254,0.046265676909801996,0.01934598231214783,27.926776470588237,0.026633049460018383,0.01910660423621999,38.781040522875806,0.03698448231017667,0.0008432504808774395
144.png,0.019721710926658698,120.86027450980393,0.11526133967380899,0.2638031230106668,308.51325882352944,0.29422117121079394,0.02464909909551578,29.47552156862745,0.02811004788267846,0.10272464434428041,152.94968496732028,0.14586418625576045,0.11391744673417314
145.png,0.12483403162972742,159.18124705882346,0.15180706697351787,0.09970532229202429,161.02832549019607,0.15356857823390585,0.2838728223842459,324.7035333333333,0.30966142018636067,0.16947072543533256,214.97103529411763,0.20501235513126148,0.08154239326050436
146.png,0.006267322700145565,15.04976078431373,0.014352570328057986,0.009992779369126912,42.785611764705884,0.04080353905172909,0.05665735059222638,89.27410196078436,0.08513841816023289,0.02430581755383295,49.036491503267996,0.04676484251333999,0.022926491580684712
147.png,0.03173903698831371,72.9267568627451,0.06954837499880323,0.4284095771199966,476.660462745098,0.4545788409663181,0.0634391564820556,97.41315686274507,0.09290042578005321,0.1745292568634553,215.6667921568627,0.20567588058172484,0.17998636458382497
148.png,0.006112573470394688,13.19377647058823,0.012582565756405095,0.06557086118868978,133.73094117647062,0.12753576390883506,0.005411209918956768,10.819847058823525,0.0103186102474437,0.02569821485934708,52.58152156862746,0.05014564663756129,0.028195672501129865
149.png,0.06401407997867593,75.61132549019607,0.0721085791494332,0.030105164647789832,74.39676862745102,0.0709502874636183,0.11315677136835889,125.49603921568631,0.11968234941071158,0.06909200533160821,91.83471111111113,0.08758040534125437,0.034095271804503745
15.png,0.03984398398569846,89.77862745098035,0.08561957116220507,0.034876014287084034,80.53446666666669,0.07680365244547528,0.27246904181774106,290.0549647058822,0.27661797018612116,0.11572968003017452,153.45601960784307,0.14634706459793384,0.11085002129277151
150.png,0.007102603582362402,14.426274509803925,0.013757967481426167,0.03874057306321208,85.46765098039215,0.08150830362357345,0.006010113649760611,14.290972549019607,0.013628933476466758,0.01728443009844503,38.06163267973856,0.03629840152715546,0.01517833844126998
16.png,0.008273744154141439,33.978196078431374,0.03240413291781556,0.013252916244395374,37.5232431372549,0.03578495324826708,0.019207110289471363,35.88036078431373,0.034218178543390015,0.01357792356266939,35.793933333333335,0.03413575490315755,0.0044694403885343825
17.png,0.041480511200056754,66.86675294117649,0.06376910490148209,0.15627951219053465,240.0256352941176,0.22890628365909346,0.9073794111716023,976.7807019607841,0.9315306682212677,0.36837981152073124,427.8910300653594,0.40806868559394777,0.38400098001172894
18.png,0.529901850347288,728.1222352941178,0.6943914750043085,0.09006985378008725,167.75796078431372,0.1599864585726869,0.02724390013041015,42.25743137254901,0.040299826977299696,0.2157385347525951,312.7125424836602,0.29822592018476507,0.2236227727850122
19.png,0.03089415361403687,114.36722745098037,0.10906908745859181,0.34477162060119804,442.21328627450987,0.4217274534936045,0.1735560003073113,192.67330980392168,0.18374758701698463,0.18307392484084872,249.751274509804,0.23818137598972697,0.12831655969031874
2.png,0.009794764593902437,30.543262745098033,0.02912832521924785,0.04303879904682843,89.21045490196079,0.08507771959491804,0.02635952506235863,38.91240392156864,0.03710976020962586,0.026397696234363166,52.88870718954249,0.050438601674597246,0.013571847072908236
20.png,0.035372887904347915,67.10102745098035,0.06399252648447071,0.04802997185788856,94.25933333333336,0.08989270528157554,0.5782258480560412,689.8124117647059,0.6578563802382525,0.22054290260609255,283.72425751633983,0.2705805373347663,0.2529728148014656
21.png,0.031908460189543596,49.01670588235294,0.04674597347483915,0.047197350425382895,98.27724705882346,0.0937244864071116,0.9459571523054066,1006.2884862745101,0.9596714842553234,0.34168765430677767,384.52747973856214,0.3667139813790914,0.42732864573596213
22.png,0.03572440580421572,92.92836470588239,0.08862339468563307,0.06495784504328356,116.5993372549019,0.11119779324999036,0.9067358098658911,972.283717647059,0.9272420097799864,0.3358060202377968,393.93713986928105,0.37568773257186994,0.4038846922955619
23.png,0.12086084193516038,242.6238784313726,0.23138416140687235,0.19305208705563312,353.7954156862744,0.3374056012022728,0.5458561717982662,579.964431372549,0.5530971826291552,0.2865897002630199,392.127908496732,0.3739623150794335,0.1856829222353051
24.png,0.10664136189215462,158.48505882352939,0.15114313013413372,0.08776143482857961,165.52675294117654,0.15785861295812276,0.8585235297537824,919.1385999999999,0.8765588760375975,0.35097544215817217,414.3834705882353,0.39518687304328465,0.3589734519691323
25.png,0.036296626482959525,61.08509019607843,0.05825528163535922,0.06537952201635,118.78621960784318,0.11328336678299253,0.6643587535695357,821.5791254901957,0.7835189108755071,0.2553449673562817,333.81681176470573,0.3183525197646196,0.2894600279687768
26.png,0.570329675436111,614.6146196078432,0.5861421772077973,0.019304734786993172,37.73316470588236,0.0359851500567268,0.3715054691319095,404.4036980392155,0.3856694202797084,0.32037995978500455,352.25049411764707,0.3359322491814108,0.22784129649652526
27.png,0.3697874143131876,617.2302784313725,0.5886366638482785,0.007610455446635609,25.84769411764706,0.024650282018324907,0.14777017246526464,164.27819607843122,0.15666789634554978,0.17505601407502933,269.11872287581696,0.25665161407071774,0.14911164776260974
28.png,0.011678695180057704,31.404862745098036,0.029950011010263476,0.025812364334053654,64.39863137254903,0.061415320751713784,0.01576639856663358,28.485886274509795,0.027166258120069307,0.01775248602691498,41.42979346405229,0.03951052996068219,0.005938493551318067
29.png,0.016917822022751536,32.06301960784313,0.03057767830642999,0.0887498668009205,158.84152941176467,0.15148308697868793,0.06681034400526355,128.30101176470586,0.12235737968893609,0.057492677609645194,106.40185359477123,0.10147271499135134,0.030056334269149148
3.png,0.1336448580409325,332.56412156862746,0.31715786129820583,0.06139712920696724,115.82233333333333,0.11045678456624348,0.006024821866984004,16.249372549019604,0.015496609257716756,0.06702226970496125,154.8786091503268,0.14770375170738867,0.0522522730764038
30.png,0.007796352801530097,15.666105882352944,0.014940362818100876,0.005957975464571171,19.31302745098041,0.018418338252048885,0.0065164815073332286,14.942027450980387,0.014249827815037143,0.006756936591144833,16.64038692810458,0.015869509628395635,0.0007695331024975174
31.png,0.581824198880135,638.2911058823532,0.6087218340705426,0.5774969740694917,619.3129294117648,0.590622834598317,0.034263698617479785,47.7942,0.04558010101318359,0.39786162385570223,435.1327450980394,0.4149749232273477,0.25710862768720333
32.png,0.04809856627455859,79.28402352941174,0.07561113694134879,0.03142161978340661,73.01850196078428,0.06963586994245938,0.07515356368167908,107.88153333333337,0.10288384755452477,0.05155791657988143,86.72801960784312,0.08271028481277765,0.018020285933388436
33.png,0.04301669216485996,116.16025882352936,0.11077905542710244,0.02122944878413559,62.37383137254902,0.0594843209958544,0.004238552429363482,15.287827450980386,0.014579608393650422,0.022828231126119678,64.60730588235292,0.061614328272202416,0.01587142314705275
34.png,0.03350125897622757,80.36464313725487,0.07664169610715377,0.035940276134568724,97.63513333333331,0.09311211903889972,0.2824761219457312,304.4105137254902,0.29030848858403224,0.11730588568550915,160.80343006535946,0.1533541012433619,0.11679723858284734
35.png,0.0040231897426724035,19.433274509803926,0.018533014783672263,0.05659706541044537,101.77331764705883,0.09705859913545498,0.0043776135882795985,15.57199215686274,0.01485060897527956,0.021665956247132457,45.5928614379085,0.04348074096480226,0.02470044796624879
36.png,0.030787155271630617,71.07783137254899,0.06778510224585436,0.2194932790519365,282.7668156862745,0.26966744965198,0.09464173331255178,174.38210980392157,0.16630373936073453,0.1149740558787063,176.07558562091504,0.1679187637528563,0.07836901085568473
37.png,0.03245977805789183,114.16420784313725,0.10887547287286496,0.05288303606971233,138.69319607843138,0.13226813896029604,0.021939930870000415,49.70087843137254,0.047398451262829336,0.035760914999201525,100.85276078431372,0.09618068769866345,0.012846324213020866
38.png,0.07323755194617443,145.58355686274513,0.13883929907106887,0.15083552382900725,214.51647843137252,0.20457885592591527,0.8145820883868617,872.7899568627454,0.8323573654773191,0.34621838805401445,410.9633307189544,0.3919251734914344,0.33269483329540916
39.png,0.21765586685831853,299.67902745098047,0.2857961916456036,0.22268616362105698,282.5447607843137,0.2694556815951478,0.8881450915749096,961.1033058823524,0.9165795382331394,0.4428290406847617,514.4423647058821,0.49061047049129697,0.3148926958575761
4.png,0.005629540985705808,16.179329411764705,0.01542981091667624,0.0266912807624462,69.6776666666667,0.06644980112711592,0.003153251287158936,10.647764705882352,0.010154499727136947,0.011824691011770317,32.16825359477125,0.030678037256976366,0.010560764517115804
40.png,0.0050154270845301,14.711125490196078,0.014029622545429304,0.00875286317889116,31.666533333333337,0.0301995595296224,0.01971185831600132,29.38249803921569,0.028021333731857005,0.011160049526474194,25.253385620915036,0.02408350526896957,0.0062365686248841085
41.png,0.027354298202590912,44.90940000000001,0.04282894134521485,0.06859535328748824,101.24724705882356,0.09655689912683826,0.046712609349375094,56.484682352941164,0.053867990830365337,0.04755408694648475,67.54710980392157,0.06441794376747281,0.016847101027352093
42.png,0.009892879912872493,27.73096078431372,0.026446305069268913,0.06149583142613137,134.46131372549016,0.12823230145024314,0.011655613123018533,23.96246666666667,0.02285238901774089,0.027681441487340797,62.05158039215684,0.059176998512417645,0.023921211400372597
43.png,0.01304597322961909,25.147945098039205,0.023982949350394446,0.11350636596269033,201.6036980392157,0.19226426891252107,0.21595955038748993,231.07814117647058,0.22037328832289751,0.1141706298599331,152.60992810457515,0.14554016886193769,0.08284045261281747
44.png,0.26973600247510354,514.3825803921568,0.49055345572677306,0.7160766035004427,838.842631372549,0.7999826730466356,0.0425168044234367,87.48197254901963,0.08342931036855662,0.3427764701329943,480.2357281045752,0.45798847971398843,0.27978787580346975
45.png,0.3990276719459615,457.0948156862745,0.43591958588244867,0.2897986031238596,372.99306274509803,0.3557139041377049,0.3294994388420461,368.5244666666668,0.3514523188273113,0.339441904637289,399.53744836601305,0.38102860294915497,0.045143377797879004
46.png,0.01401676572501224,30.112109803921573,0.028717145732804844,0.14594397798954006,192.57747058823534,0.18365618761848004,0.9597843610594151,1017.8354313725491,0.9706835092282764,0.3732483682579892,413.508337254902,0.3943522808598538,0.4182260556785356
47.png,0.02622902861011803,49.7982823529412,0.04749134288114662,0.07327576754231581,169.0302039215687,0.16119976417691106,0.012628149570111626,31.849905882352957,0.030374437219956356,0.03737764857418182,83.55946405228762,0.07968851475933801,0.02598399746963436
48.png,0.06749847879963439,116.24384705882355,0.11085877138025622,0.02529693357122261,58.314023529411735,0.05561258652630972,0.8160889482919828,872.3298196078432,0.8319185443952972,0.3029614535542799,348.9625633986928,0.33279663410062105,0.36324474026635717
49.png,0.008174479410126778,19.980113725490202,0.019054521298876,0.016356484216252274,41.20796470588233,0.03929897757137521,0.006629139593315786,19.932921568627464,0.01900951535094019,0.010386701073231613,27.040333333333333,0.0257876714070638,0.004268157437612909
5.png,0.03168269044846032,95.15634509803918,0.09074816236308973,0.04182739225546702,92.43629803921563,0.08815412334367335,0.2652718291819806,296.904631372549,0.2831503213620653,0.11292730396196932,161.49909150326792,0.15401753568960946,0.10780343073412603
50.png,0.010099143307285093,22.641627450980394,0.021592738581638713,0.02458892864797812,57.47099999999998,0.05480861663818358,0.733261567159416,868.8975764705882,0.8286453022676356,0.2559832130382264,316.3367346405228,0.30168221916248594,0.3375385992290646
51.png,0.2622241747869707,371.61798823529404,0.3544025308945599,0.3039981194525122,372.09630980392166,0.3548586938895432,0.9568403840202498,1016.1947058823528,0.9691187914680031,0.507687559419911,586.6363346405228,0.5594600054173687,0.3180565573375036
52.png,0.02259282874401052,41.30776862745096,0.039394158008051836,0.04563918369268279,86.77852549019605,0.08275845097560505,0.024653641225190766,36.37568235294116,0.034690554001752055,0.03096188455396136,54.82065882352939,0.052281054328469655,0.010412462709858213
53.png,0.311464743946021,338.2645137254902,0.32259417889164943,0.31622601451529136,354.5251921568628,0.3381015702789905,0.3143887745037028,339.12127843137256,0.3234112533868528,0.3140265109883384,343.9703281045752,0.32803566751916424,0.001960586731801324
54.png,0.012608126853347421,33.55572549019608,0.03200123356837853,0.062265309132506726,105.17543137254901,0.10030310761694813,0.00893903939827549,26.535384313725483,0.02530611449596928,0.02793749179470988,55.08884705882352,0.052536818560431985,0.02431960571323887
55.png,0.015544921745936812,32.01230588235293,0.03052931392894071,0.051849557846521045,91.02687450980387,0.08680999232273472,0.010000924796427457,21.28378039215687,0.02029779471603095,0.025798468129628438,48.10765359477123,0.045879033655902124,0.0185594258553838
56.png,0.02211636165984087,48.03978039215684,0.04581430472579655,0.037533192720746865,89.2037921568627,0.08507136550604125,0.9169734847770205,987.7144862745093,0.9419579375023931,0.3255410130525361,374.986019607843,0.3576145359114103,0.4182532694652766
57.png,0.2823043828228721,372.7962980392156,0.3555262546913296,0.010988890307997337,32.45195686274509,0.030948597777123537,0.06501891233333484,111.95967058823526,0.10677306231330419,0.11943739515473477,172.40264183006533,0.1644159715939191,0.11725770073953784
58.png,0.008179196288428918,58.82908627450983,0.056103788637647464,0.40605321466899835,452.9275882352941,0.4319454080918256,0.00375107292577149,10.134039215686279,0.009664572921453743,0.13932782796106624,173.96357124183007,0.16590458988364226,0.188611993264834
59.png,0.026285727228489535,39.47943921568628,0.037650527206121706,0.044190633378547686,78.38578823529413,0.0747545130112592,0.033694201876043765,42.32563921568627,0.04036487504547717,0.034723520827693664,53.39695555555556,0.05092330508761936,0.007345794224759579
6.png,0.06585877542814719,98.30831764705886,0.09375411762910733,0.05732289535364065,116.26501960784313,0.11087896309646905,0.9462056059582516,1008.5509647058826,0.9618291518267466,0.3564624255800131,407.70810065359484,0.3888207441841076,0.4170259619529231
60.png,0.0210443129167333,41.646231372548996,0.039716941235112185,0.027037736657306535,78.04917647058821,0.07443349501665898,0.9381004112622041,1003.2584235294119,0.9567817912382239,0.32872748694541465,374.3179437908497,0.3569774091633317,0.43089867405213356
61.png,0.005921624831537336,14.430490196078436,0.013761987873152194,0.016955413349038686,59.48690980392158,0.05673113804237516,0.0038204955761362088,11.131694117647061,0.010616010778090535,0.008899177918904077,28.349698039215692,0.027036378897872627,0.0057608380765471244
62.png,0.02745746314823512,45.7574588235294,0.04363771326401653,0.0374220761332499,76.54620392156865,0.0730001486983954,0.04760311931887299,75.0599607843137,0.0715827567904603,0.037494219533452666,65.78787450980393,0.06274020625095741,0.008224587898046302
63.png,0.028087350697940883,61.06881960784316,0.05823976479324642,0.0345570921173741,79.3361960784314,0.07566089256137028,0.1461898777898299,209.6837647058824,0.19997002096737138,0.06961144020171496,116.696260130719,0.11129022610732936,0.054213511329963944
64.png,0.009327072002758476,37.75373333333333,0.03600476582845052,0.028252282353466808,78.1482901960784,0.07452801723106232,0.9492106178163427,1014.8766117647056,0.9678617589613967,0.3289299907241893,376.9262117647058,0.3594648473403032,0.4386726821948843
65.png,0.01953511409326867,38.084705882352914,0.036320405847886005,0.06978374121877513,119.12330196078432,0.11360483356550628,0.24918671305479337,267.37454901960785,0.2549882402607039,0.1128351894556124,141.52751895424836,0.1349711598913654,0.0985732709641684
66.png,0.021425335849995158,46.74819215686272,0.044582550198424074,0.018810579680516516,56.138619607843125,0.053537959678500294,0.5478631016439037,601.4962705882353,0.5736315446741441,0.19603300572480511,234.79436078431374,0.22391735151702283,0.24878373678530255
67.png,0.08917826003177678,136.8454588235295,0.13050599939682914,0.08860959860784459,147.33981176470584,0.1405141942641314,0.30878061153026176,329.2208627450984,0.31396948122510754,0.16218949005662772,204.46871111111122,0.19499655829535603,0.10365583603163907
68.png,0.034017790501413805,60.950458823529395,0.05812688715317668,0.07334980942294582,157.7091294117647,0.15040314618278952,0.041215681525571056,62.563823529411785,0.05966551163617304,0.04952776048331023,93.74113725490196,0.0893985149907131,0.017099121235913575
69.png,0.005798074296234848,29.58698039215686,0.028216343300015316,0.020304018348421063,69.4597725490196,0.06624200110341988,0.008260727207370101,28.692192156862742,0.02736300674139284,0.011454273284008672,42.57964836601307,0.04060711704827601,0.006337962638945282
7.png,0.1036572125708768,128.39705098039218,0.12244896982230394,0.062340345445022066,94.66115686274512,0.09027591406130325,0.656950763979585,707.0563411764705,0.6743014728321748,0.27431610733182793,310.0381830065359,0.295675452238594,0.271088830740324
70.png,0.03901998448766043,93.51583921568627,0.08918365403717639,0.27413920121301094,347.032176470588,0.33095567366656115,0.0037050335190012924,36.29299999999999,0.034611701965332024,0.10562140640655755,158.94700522875812,0.15158367655635652,0.12002908485113695
71.png,0.022193549367749938,94.97505882352942,0.09057527429917281,0.059332772181245844,161.17487450980389,0.15370833827000036,0.1634461317315371,235.0591254901961,0.2241698508169137,0.0816574844268443,163.73635294117648,0.15615115446202896,0.059787777952500176
72.png,0.010345625739884071,57.913152941176484,0.05523028654210709,0.024797048557725892,90.25830196078425,0.08607702442243982,0.008231764063382324,51.143199999999965,0.048773956298828094,0.014458146120330763,66.43821830065356,0.063360422421125,0.007361466362273525
73.png,0.013188302693849161,49.235572549019615,0.04695470099355661,0.025132466513851162,81.76502352941172,0.07797720292035266,0.9174619405556537,997.6434117647052,0.9514268987319042,0.3185942365877847,376.2146692810455,0.3587862675486045,0.4234914882294174
74.png,0.07291041475770474,145.3470352941177,0.1386137345257928,0.07815596022087079,151.74474901960787,0.1447150697895125,0.5239625814629262,567.253243137255,0.5409748488781501,0.22500965214716726,288.11500915032684,0.27476788439781846,0.21140249036164233
75.png,0.08236860407998312,161.4759137254902,0.15399543163823146,0.18740430753444626,289.34116078431384,0.2759372337191714,0.7660403970075266,882.9319764705879,0.8420295490938071,0.3452711028739854,444.583016993464,0.42398740481707,0.30060297615988707
76.png,0.0076552802514498275,30.35952549019608,0.02895309971828087,0.008623946078783362,61.49747058823531,0.05864855822394877,0.008384229065316861,57.00876470588235,0.0543677947100471,0.008221151798516685,49.621920261437914,0.047323150884092245,0.00041192557375590926
77.png,0.01989738618351321,52.81682745098038,0.05037005181406057,0.02712678885102409,72.41992156862744,0.06906501919615501,0.9006380681173933,975.933325490196,0.930722547044941,0.3158874143839769,367.0566915032679,0.35005253935171887,0.41349168580676093
78.png,0.07380852185593618,187.03457254901957,0.1783700681200214,0.08457687792985179,183.48384705882353,0.17498383241541246,0.06192118109762097,145.21907450980402,0.13849170161228563,0.07343552696113631,171.9124980392157,0.16394853404923984,0.00925290922294707
79.png,0.01452841569899779,54.24550980392159,0.05173254948036346,0.07167125962963933,95.62263921568628,0.09119285508698108,0.013092946584570277,28.276356862745104,0.02696643530153761,0.033097540637735796,59.38150196078433,0.05663061328962738,0.027282033044287262
8.png,0.0143873242000945,37.120435294117655,0.03540080575382009,0.046081639267489885,145.9350274509804,0.13917448754404108,0.8470521529130591,934.0886470588234,0.8908163519466623,0.30250703879354784,372.38136993464053,0.3551305484148412,0.38526888306347945
80.png,0.08062654714500023,114.21811764705876,0.10892688526826741,0.10963170862252875,160.10843921568627,0.15269130631989125,0.9395037688094349,1004.5957803921568,0.9580571941300934,0.37658734152565465,426.3074457516339,0.406558461906084,0.3982181168886686
81.png,0.30057712403869025,342.0358901960784,0.32619084376914825,0.030868166461902057,79.71422745098037,0.07602141137216603,0.45386981414126143,485.77989019607827,0.46327580470664814,0.2617717015472846,302.51000261437906,0.2884960199493208,0.1748561200833714
82.png,0.15924658350374363,180.9846196078432,0.17260038338455505,0.027223758323519847,63.08794117647059,0.060165349174948306,0.5002918991828048,544.9239960784313,0.51968001945346,0.22892074700335607,262.9988522875817,0.2508152506709878,0.19931421302145536
83.png,0.01429799141126704,41.76019215686274,0.03982562270818972,0.1951060053184829,320.2145411764706,0.3053803836598116,0.01124608532276029,22.64711764705882,0.021597974440630743,0.07355002735083674,128.20728366013074,0.12226799360287736,0.08596208609011464
84.png,0.01690351627735577,40.3479294117647,0.03847878400017233,0.03107165184446319,82.03656862745098,0.07823616850609873,0.016483354828807778,29.24782352941177,0.027892898110782407,0.021486174316875578,50.54410718954248,0.04820261687235116,0.006780126276337671
85.png,0.008925171866411426,32.17997647058823,0.03068921706255744,0.04730073784370233,92.67451764705882,0.08838130726533777,0.18115148779705179,200.3800000000001,0.19109725952148449,0.07912579916905518,108.41149803921572,0.10338926128312657,0.07382457527152703
86.png,0.021108204432058138,43.30212549019608,0.041296124925800405,0.0414061620023699,82.48742745098036,0.07866614098642384,0.9561374173573195,1016.4439921568621,0.9693565293854353,0.3395505945972492,380.74451503267954,0.36310626509921984,0.4360714652985222
87.png,0.010134617381259052,30.306607843137243,0.028902633517396206,0.0344846294128817,79.88553725490196,0.07618478513231465,0.9575373227135213,1020.7453372549015,0.9734586117314353,0.3340521898358873,376.9791607843136,0.3595153434603821,0.4409826254786506
88.png,0.0045669302817538645,18.78425098039216,0.017914057712928925,0.01015155487177876,35.76629411764706,0.034109396093031936,0.44154519212745513,536.2126980392165,0.5113722782509008,0.1520878924269959,196.92108104575195,0.18779857735228722,0.20468991714357268
89.png,0.0025410331189288683,16.130494117647057,0.015383237950942095,0.022019740731291763,40.87738823529414,0.03898371528176703,0.0034907389768771323,21.430039215686275,0.02043727799957874,0.009350504275699254,26.145973856209157,0.024934743744095957,0.008966889077041193
9.png,0.1284614489803586,222.0378862745098,0.21175182940913181,0.02681816216937765,43.97702352941176,0.04193975785199333,0.026784684145647664,38.76139215686275,0.03696574416815066,0.060688098431794645,101.59210065359478,0.09688577714309195,0.04792299770554439
90.png,0.17069211837375498,423.6666588235294,0.4040400112376494,0.012894203628956538,42.664588235294104,0.04068812202004824,0.0060978281328376545,19.543435294117636,0.018638072294347417,0.06322805004518306,161.9582274509804,0.15445540185068168,0.07603920991289972
91.png,0.6025463714511613,770.5037215686272,0.7348096099554321,0.12503515534655768,245.37883137254886,0.23401148926978002,0.006533576410946959,21.44019607843137,0.020446964338714,0.24470503440288868,345.7742496732025,0.32975602118797537,0.2576153113047046
92.png,0.012644164845467714,34.78394509803922,0.033172555063285085,0.02178867208091445,69.94923529411764,0.06670878915225757,0.9601798938925743,1021.5172745098042,0.9741947884653132,0.3315375769396522,375.4168183006537,0.3580253775602853,0.44453292154132473
93.png,0.03229143650886508,65.35525882352941,0.06232763178208295,0.06209622706875624,131.36761568627452,0.1252819210875268,0.910145735221842,981.6366039215685,0.9361616172042546,0.3348444662664878,392.7864928104575,0.37459039002462147,0.40698136233437054
94.png,0.033137894982055986,75.24922745098037,0.07176325554941212,0.044804115163413705,116.57894901960786,0.11117834951363359,0.8891516655493312,970.8068588235295,0.9258335674510284,0.3223645585649337,387.54501176470586,0.36959172417135805,0.40080730503666984
95.png,0.05812887345034999,112.4214901960784,0.107213487812117,0.06862827688214962,119.5753607843137,0.11403595045501108,0.10446334953264105,146.6053490196078,0.13981375600777415,0.07707349995504689,126.20073333333329,0.12035439809163406,0.019836200291694774
96.png,0.028456452020266018,61.03532549019607,0.05820782231349571,0.06220646809449977,116.62260392156855,0.11121998207241875,0.34042432766701336,364.1444588235294,0.34727521784165327,0.14369574926059306,180.60079607843136,0.17223434074252256,0.1397888075338677
97.png,0.009933533835346904,21.58625098039216,0.020586253147499234,0.11027922991467003,179.07741176470597,0.1707815282485065,0.011833847702947403,20.6184,0.019663238525390626,0.04401553715098811,73.76068758169937,0.07034367330713212,0.04686192862874632
98.png,0.03275509226739246,50.51414509803922,0.04817404279521868,0.06191998406585845,141.7300078431372,0.13516426834405632,0.03813383987526489,50.01421568627451,0.04769727295520259,0.044269638736171936,80.75278954248364,0.07701186136482586,0.012672378075962124
99.png,0.09803868264063012,127.05968235294117,0.12117355571073643,0.13494564467052084,224.72132156862753,0.21431095272886994,0.1370820558424044,153.882494117647,0.1467537823845358,0.12335546105118511,168.55449934640524,0.16074609694138073,0.017922899969790882
